Frequency,Real,Imaginary
729600000,-1.0411376953125,-0.22216796875
729650000,-1.0699462890625,0.0
729700000,-1.05029296875,0.22314453125
729750000,-0.984375,0.439697265625
729800000,-0.874755859375,0.635986328125
729850000,-0.726806640625,0.8062744140625
729900000,-0.54443359375,0.943115234375
729950000,-0.33984375,1.0377197265625
730000000,-0.1185302734375,1.08935546875
730050000,0.108642578125,1.0916748046875
730100000,0.33251953125,1.0504150390625
730150000,0.5439453125,0.9610595703125
730200000,0.730712890625,0.8287353515625
730250000,0.8875732421875,0.66259765625
730300000,1.0068359375,0.4666748046875
730350000,1.0838623046875,0.24853515625
730400000,1.1126708984375,0.022216796875
730450000,1.0960693359375,-0.206787109375
730500000,1.03076171875,-0.4267578125
730550000,0.9237060546875,-0.630615234375
730600000,0.7745361328125,-0.8082275390625
730650000,0.593994140625,-0.9498291015625
730700000,0.3878173828125,-1.0528564453125
730750000,0.1639404296875,-1.10986328125
730800000,-0.06689453125,-1.1214599609375
730850000,-0.2945556640625,-1.0853271484375
730900000,-0.5093994140625,-1.0018310546875
730950000,-0.7041015625,-0.87744140625
731000000,-0.867919921875,-0.7149658203125
731050000,-0.9976806640625,-0.5230712890625
731100000,-1.0836181640625,-0.3095703125
731150000,-1.1234130859375,-0.08203125
731200000,-1.117919921875,0.1488037109375
731250000,-1.064453125,0.3724365234375
731300000,-0.9676513671875,0.5811767578125
731350000,-0.826904296875,0.765869140625
731400000,-0.6551513671875,0.9189453125
731450000,-0.453369140625,1.031982421875
731500000,-0.2354736328125,1.1014404296875
731550000,-0.0047607421875,1.1260986328125
731600000,0.22265625,1.1038818359375
731650000,0.4434814453125,1.03564453125
731700000,0.64404296875,0.92333984375
731750000,0.8170166015625,0.7740478515625
731800000,0.956298828125,0.5921630859375
731850000,1.0555419921875,0.3834228515625
731900000,1.111328125,0.163330078125
731950000,1.119873046875,-0.06689453125
732000000,1.0823974609375,-0.29150390625
732050000,1.0006103515625,-0.5040283203125
732100000,0.8780517578125,-0.696044921875
732150000,0.716796875,-0.857177734375
732200000,0.52880859375,-0.984375
732250000,0.318115234375,-1.0697021484375
732300000,0.0955810546875,-1.11181640625
732350000,-0.130859375,-1.106689453125
732400000,-0.3505859375,-1.0570068359375
732450000,-0.5560302734375,-0.9617919921875
732500000,-0.7398681640625,-0.83056640625
732550000,-0.889892578125,-0.6619873046875
732600000,-1.0035400390625,-0.4691162109375
732650000,-1.078369140625,-0.2568359375
732700000,-1.10498046875,-0.0340576171875
732750000,-1.0882568359375,0.189697265625
732800000,-1.026611328125,0.406494140625
732850000,-0.923583984375,0.6033935546875
732900000,-0.781494140625,0.7757568359375
732950000,-0.610595703125,0.9168701171875
733000000,-0.4100341796875,1.0216064453125
733050000,-0.196533203125,1.0814208984375
733100000,0.0238037109375,1.09765625
733150000,0.24609375,1.0693359375
733200000,0.455322265625,0.997314453125
733250000,0.64453125,0.8846435546875
733300000,0.808349609375,0.736572265625
733350000,0.940185546875,0.559326171875
733400000,1.03369140625,0.3555908203125
733450000,1.0855712890625,0.142822265625
733500000,1.0899658203125,-0.0771484375
733550000,1.0521240234375,-0.2962646484375
733600000,0.9700927734375,-0.502197265625
733650000,0.84912109375,-0.686767578125
733700000,0.6947021484375,-0.843017578125
733750000,0.5111083984375,-0.963623046875
733800000,0.30517578125,-1.0469970703125
733850000,0.087646484375,-1.0877685546875
733900000,-0.1322021484375,-1.0841064453125
733950000,-0.34619140625,-1.03564453125
734000000,-0.549072265625,-0.9444580078125
734050000,-0.728515625,-0.8148193359375
734100000,-0.8765869140625,-0.6514892578125
734150000,-0.9898681640625,-0.462646484375
734200000,-1.0638427734375,-0.2545166015625
734250000,-1.0943603515625,-0.0357666015625
734300000,-1.0777587890625,0.1854248046875
734350000,-1.02197265625,0.399169921875
734400000,-0.9185791015625,0.5963134765625
734450000,-0.7801513671875,0.7686767578125
734500000,-0.6094970703125,0.912109375
734550000,-0.414794921875,1.0159912109375
734600000,-0.2022705078125,1.0806884765625
734650000,0.0220947265625,1.099609375
734700000,0.2410888671875,1.0745849609375
734750000,0.45263671875,1.0045166015625
734800000,0.6468505859375,0.893310546875
734850000,0.8145751953125,0.74609375
734900000,0.9488525390625,0.5665283203125
734950000,1.045166015625,0.3643798828125
735000000,1.0972900390625,0.146484375
735050000,1.106689453125,-0.0787353515625
735100000,1.06982421875,-0.2987060546875
735150000,0.988525390625,-0.509765625
735200000,0.865478515625,-0.698974609375
735250000,0.7081298828125,-0.85986328125
735300000,0.52001953125,-0.9852294921875
735350000,0.3121337890625,-1.07080078125
735400000,0.0870361328125,-1.1136474609375
735450000,-0.138671875,-1.1104736328125
735500000,-0.3602294921875,-1.0595703125
735550000,-0.5665283203125,-0.9654541015625
735600000,-0.75146484375,-0.8323974609375
735650000,-0.9039306640625,-0.6641845703125
735700000,-1.0213623046875,-0.4677734375
735750000,-1.0960693359375,-0.2530517578125
735800000,-1.125244140625,-0.027099609375
735850000,-1.1082763671875,0.201416015625
735900000,-1.0457763671875,0.4217529296875
735950000,-0.9383544921875,0.6256103515625
736000000,-0.793701171875,0.8017578125
736050000,-0.6163330078125,0.946533203125
736100000,-0.4129638671875,1.0506591796875
736150000,-0.1920166015625,1.1146240234375
736200000,0.0367431640625,1.1312255859375
736250000,0.2626953125,1.0999755859375
736300000,0.482177734375,1.02587890625
736350000,0.67919921875,0.906982421875
736400000,0.8470458984375,0.7513427734375
736450000,0.981201171875,0.5643310546875
736500000,1.0771484375,0.354248046875
736550000,1.1268310546875,0.1300048828125
736600000,1.129638671875,-0.1002197265625
736650000,1.08544921875,-0.3270263671875
736700000,0.9986572265625,-0.53857421875
736750000,0.8690185546875,-0.7291259765625
736800000,0.7037353515625,-0.8897705078125
736850000,0.5103759765625,-1.01416015625
736900000,0.294677734375,-1.0936279296875
736950000,0.0677490234375,-1.132568359375
737000000,-0.162353515625,-1.1224365234375
737050000,-0.384033203125,-1.06640625
737100000,-0.59130859375,-0.966796875
737150000,-0.77587890625,-0.827392578125
737200000,-0.9267578125,-0.653564453125
737250000,-1.0384521484375,-0.4525146484375
737300000,-1.1087646484375,-0.2325439453125
737350000,-1.132568359375,-0.005615234375
737400000,-1.1097412109375,0.223388671875
737450000,-1.042236328125,0.440185546875
737500000,-0.931884765625,0.6424560546875
737550000,-0.7835693359375,0.819091796875
737600000,-0.60205078125,0.9576416015625
737650000,-0.3956298828125,1.05908203125
737700000,-0.173583984375,1.1180419921875
737750000,0.0552978515625,1.128173828125
737800000,0.281494140625,1.09423828125
737850000,0.495849609375,1.0155029296875
737900000,0.6907958984375,0.892578125
737950000,0.8570556640625,0.7362060546875
738000000,0.987060546875,0.547607421875
738050000,1.077392578125,0.33837890625
738100000,1.1221923828125,0.1116943359375
738150000,1.123046875,-0.1151123046875
738200000,1.076416015625,-0.33837890625
738250000,0.986328125,-0.5504150390625
738300000,0.8564453125,-0.737060546875
738350000,0.6893310546875,-0.895263671875
738400000,0.494384765625,-1.014892578125
738450000,0.2802734375,-1.09375
738500000,0.0513916015625,-1.1297607421875
738550000,-0.174072265625,-1.11474609375
738600000,-0.3974609375,-1.0555419921875
738650000,-0.6024169921875,-0.9539794921875
738700000,-0.7830810546875,-0.8138427734375
738750000,-0.93115234375,-0.6390380859375
738800000,-1.0423583984375,-0.4378662109375
738850000,-1.1085205078125,-0.22021484375
738900000,-1.1304931640625,0.0086669921875
738950000,-1.106689453125,0.2369384765625
739000000,-1.034912109375,0.4556884765625
739050000,-0.922119140625,0.65576171875
739100000,-0.7711181640625,0.828369140625
739150000,-0.5897216796875,0.966552734375
739200000,-0.382080078125,1.066650390625
739250000,-0.157470703125,1.1224365234375
739300000,0.072021484375,1.13232421875
739350000,0.2989501953125,1.0960693359375
739400000,0.512451171875,1.010986328125
739450000,0.7071533203125,0.8875732421875
739500000,0.8720703125,0.7269287109375
739550000,1.0020751953125,0.5364990234375
739600000,1.09033203125,0.322265625
739650000,1.134033203125,0.09716796875
739700000,1.131591796875,-0.134521484375
739750000,1.0806884765625,-0.3599853515625
739800000,0.98583984375,-0.5723876953125
739850000,0.8515625,-0.75830078125
739900000,0.6817626953125,-0.9156494140625
739950000,0.4840087890625,-1.034912109375
740000000,0.2637939453125,-1.1109619140625
740050000,0.0330810546875,-1.142333984375
740100000,-0.1993408203125,-1.1263427734375
740150000,-0.421142578125,-1.0631103515625
740200000,-0.6295166015625,-0.9581298828125
740250000,-0.8101806640625,-0.8116455078125
740300000,-0.95751953125,-0.6302490234375
740350000,-1.068359375,-0.424560546875
740400000,-1.1292724609375,-0.1993408203125
740450000,-1.1470947265625,0.03125
740500000,-1.118408203125,0.2625732421875
740550000,-1.04345703125,0.4822998046875
740600000,-0.92578125,0.683837890625
740650000,-0.7691650390625,0.8587646484375
740700000,-0.5809326171875,0.9954833984375
740750000,-0.365234375,1.0919189453125
740800000,-0.1387939453125,1.1439208984375
740850000,0.09521484375,1.147705078125
740900000,0.3253173828125,1.104248046875
740950000,0.541748046875,1.0189208984375
741000000,0.7357177734375,0.8878173828125
741050000,0.90087890625,0.7216796875
741100000,1.027587890625,0.525634765625
741150000,1.1134033203125,0.3062744140625
741200000,1.1534423828125,0.076904296875
741250000,1.14501953125,-0.157470703125
741300000,1.089599609375,-0.38623046875
741350000,0.98828125,-0.5987548828125
741400000,0.8477783203125,-0.78564453125
741450000,0.671875,-0.9405517578125
741500000,0.468017578125,-1.057373046875
741550000,0.2457275390625,-1.1317138671875
741600000,0.011474609375,-1.1568603515625
741650000,-0.2225341796875,-1.1348876953125
741700000,-0.4468994140625,-1.0655517578125
741750000,-0.6529541015625,-0.9542236328125
741800000,-0.83349609375,-0.8028564453125
741850000,-0.976806640625,-0.617919921875
741900000,-1.081787109375,-0.4083251953125
741950000,-1.1424560546875,-0.1805419921875
742000000,-1.156005859375,0.05419921875
742050000,-1.120849609375,0.283935546875
742100000,-1.0394287109375,0.5069580078125
742150000,-0.9158935546875,0.7049560546875
742200000,-0.7520751953125,0.8748779296875
742250000,-0.561767578125,1.009765625
742300000,-0.34716796875,1.1025390625
742350000,-0.1170654296875,1.149169921875
742400000,0.1185302734375,1.1480712890625
742450000,0.34814453125,1.0999755859375
742500000,0.563232421875,1.0078125
742550000,0.75341796875,0.872802734375
742600000,0.913818359375,0.7010498046875
742650000,1.037353515625,0.502197265625
742700000,1.116455078125,0.2825927734375
742750000,1.151123046875,0.050048828125
742800000,1.1368408203125,-0.1812744140625
742850000,1.0753173828125,-0.4080810546875
742900000,0.9720458984375,-0.6173095703125
742950000,0.825439453125,-0.8004150390625
743000000,0.6470947265625,-0.9495849609375
743050000,0.4410400390625,-1.0611572265625
743100000,0.2176513671875,-1.1280517578125
743150000,-0.014404296875,-1.1483154296875
743200000,-0.24658203125,-1.1221923828125
743250000,-0.4676513671875,-1.05029296875
743300000,-0.6710205078125,-0.9290771484375
743350000,-0.843505859375,-0.776611328125
743400000,-0.98388671875,-0.58935546875
743450000,-1.0816650390625,-0.3775634765625
743500000,-1.1358642578125,-0.1517333984375
743550000,-1.1429443359375,0.080322265625
743600000,-1.102783203125,0.308837890625
743650000,-1.017578125,0.52587890625
743700000,-0.8895263671875,0.7213134765625
743750000,-0.726806640625,0.884765625
743800000,-0.5308837890625,1.0137939453125
743850000,-0.316650390625,1.0987548828125
743900000,-0.0882568359375,1.1387939453125
743950000,0.1436767578125,1.133544921875
744000000,0.3690185546875,1.08056640625
744050000,0.5810546875,0.9847412109375
744100000,0.7667236328125,0.8472900390625
744150000,0.9234619140625,0.6739501953125
744200000,1.042236328125,0.4739990234375
744250000,1.1141357421875,0.2537841796875
744300000,1.14208984375,0.0233154296875
744350000,1.123779296875,-0.2086181640625
744400000,1.059326171875,-0.43017578125
744450000,0.9517822265625,-0.635009765625
744500000,0.80322265625,-0.8123779296875
744550000,0.6224365234375,-0.9591064453125
744600000,0.415771484375,-1.064697265625
744650000,0.1912841796875,-1.1270751953125
744700000,-0.0384521484375,-1.143310546875
744750000,-0.27001953125,-1.111083984375
744800000,-0.4869384765625,-1.0347900390625
744850000,-0.686767578125,-0.914306640625
744900000,-0.8582763671875,-0.7579345703125
744950000,-0.991455078125,-0.5692138671875
745000000,-1.0887451171875,-0.3560791015625
745050000,-1.136962890625,-0.12890625
745100000,-1.1407470703125,0.100830078125
745150000,-1.0975341796875,0.3314208984375
745200000,-1.007568359375,0.545166015625
745250000,-0.876708984375,0.7366943359375
745300000,-0.7091064453125,0.89990234375
745350000,-0.51611328125,1.0242919921875
745400000,-0.2977294921875,1.1070556640625
745450000,-0.0675048828125,1.1458740234375
745500000,0.1658935546875,1.135498046875
745550000,0.3917236328125,1.078125
745600000,0.6007080078125,0.97802734375
745650000,0.7872314453125,0.8350830078125
745700000,0.9384765625,0.6607666015625
745750000,1.0528564453125,0.4586181640625
745800000,1.123291015625,0.2347412109375
745850000,1.1495361328125,0.0042724609375
745900000,1.1265869140625,-0.229248046875
745950000,1.05712890625,-0.4500732421875
746000000,0.943603515625,-0.65380859375
746050000,0.79296875,-0.8310546875
746100000,0.6072998046875,-0.9742431640625
746150000,0.3995361328125,-1.0767822265625
746200000,0.172119140625,-1.135009765625
746250000,-0.0615234375,-1.14501953125
746300000,-0.290771484375,-1.10986328125
746350000,-0.5078125,-1.02880859375
746400000,-0.7047119140625,-0.9033203125
746450000,-0.872314453125,-0.741455078125
746500000,-1.0050048828125,-0.5494384765625
746550000,-1.0953369140625,-0.3382568359375
746600000,-1.1400146484375,-0.10791015625
746650000,-1.1383056640625,0.1246337890625
746700000,-1.0892333984375,0.352783203125
746750000,-0.9947509765625,0.564697265625
746800000,-0.8597412109375,0.7554931640625
746850000,-0.6883544921875,0.9110107421875
746900000,-0.4893798828125,1.0311279296875
746950000,-0.2740478515625,1.1070556640625
747000000,-0.04296875,1.138427734375
747050000,0.1885986328125,1.1248779296875
747100000,0.410888671875,1.0623779296875
747150000,0.615234375,0.9564208984375
747200000,0.7958984375,0.81103515625
747250000,0.9427490234375,0.6324462890625
747300000,1.050537109375,0.4293212890625
747350000,1.114013671875,0.2061767578125
747400000,1.1317138671875,-0.020263671875
747450000,1.1029052734375,-0.25
747500000,1.0289306640625,-0.468017578125
747550000,0.9136962890625,-0.665771484375
747600000,0.758544921875,-0.8333740234375
747650000,0.57421875,-0.9705810546875
747700000,0.3660888671875,-1.0645751953125
747750000,0.144775390625,-1.1156005859375
747800000,-0.083984375,-1.1204833984375
747850000,-0.3087158203125,-1.0794677734375
747900000,-0.518310546875,-0.993408203125
747950000,-0.7099609375,-0.86865234375
748000000,-0.869140625,-0.7064208984375
748050000,-0.9925537109375,-0.5164794921875
748100000,-1.074951171875,-0.303955078125
748150000,-1.1124267578125,-0.081787109375
748200000,-1.1048583984375,0.1446533203125
748250000,-1.0537109375,0.3646240234375
748300000,-0.9573974609375,0.56884765625
748350000,-0.8201904296875,0.748779296875
748400000,-0.6527099609375,0.8995361328125
748450000,-0.4583740234375,1.010498046875
748500000,-0.244873046875,1.082275390625
748550000,-0.0220947265625,1.1085205078125
748600000,0.2027587890625,1.0897216796875
748650000,0.4171142578125,1.0263671875
748700000,0.61376953125,0.9193115234375
748750000,0.7867431640625,0.7774658203125
748800000,0.9276123046875,0.601318359375
748850000,1.0303955078125,0.4029541015625
748900000,1.0899658203125,0.187744140625
748950000,1.104248046875,-0.0352783203125
749000000,1.07373046875,-0.2581787109375
749050000,0.9984130859375,-0.4696044921875
749100000,0.884765625,-0.659912109375
749150000,0.732666015625,-0.825439453125
749200000,0.5506591796875,-0.9552001953125
749250000,0.3486328125,-1.0457763671875
749300000,0.12939453125,-1.0950927734375
749350000,-0.0921630859375,-1.098876953125
749400000,-0.31298828125,-1.0572509765625
749450000,-0.5184326171875,-0.97314453125
749500000,-0.703369140625,-0.84912109375
749550000,-0.861083984375,-0.689697265625
749600000,-0.98193359375,-0.5023193359375
749650000,-1.0640869140625,-0.294189453125
749700000,-1.099365234375,-0.0738525390625
749750000,-1.0950927734375,0.149169921875
749800000,-1.041015625,0.3670654296875
749850000,-0.94580078125,0.568603515625
749900000,-0.810791015625,0.7474365234375
749950000,-0.644775390625,0.8953857421875
750000000,-0.449951171875,1.0084228515625
750050000,-0.239990234375,1.0771484375
750100000,-0.0169677734375,1.102294921875
750150000,0.2059326171875,1.08544921875
750200000,0.419189453125,1.02294921875
750250000,0.6180419921875,0.916015625
750300000,0.7904052734375,0.7734375
750350000,0.9298095703125,0.597900390625
750400000,1.0330810546875,0.396240234375
750450000,1.0909423828125,0.18310546875
750500000,1.1060791015625,-0.0418701171875
750550000,1.0745849609375,-0.261962890625
750600000,0.99951171875,-0.473876953125
750650000,0.88232421875,-0.665283203125
750700000,0.731689453125,-0.829833984375
750750000,0.546630859375,-0.9593505859375
750800000,0.3431396484375,-1.0511474609375
750850000,0.1231689453125,-1.0965576171875
750900000,-0.0987548828125,-1.098388671875
750950000,-0.316162109375,-1.0556640625
751000000,-0.5247802734375,-0.9688720703125
751050000,-0.708251953125,-0.8427734375
751100000,-0.86279296875,-0.6820068359375
751150000,-0.9820556640625,-0.4951171875
751200000,-1.0615234375,-0.28564453125
751250000,-1.096923828125,-0.06640625
751300000,-1.0860595703125,0.1568603515625
751350000,-1.031494140625,0.370849609375
751400000,-0.9351806640625,0.5706787109375
751450000,-0.798828125,0.74755859375
751500000,-0.6312255859375,0.893798828125
751550000,-0.439697265625,1.000732421875
751600000,-0.22705078125,1.06787109375
751650000,-0.0078125,1.0919189453125
751700000,0.2113037109375,1.06787109375
751750000,0.424072265625,1.0035400390625
751800000,0.6151123046875,0.8956298828125
751850000,0.782958984375,0.75244140625
751900000,0.916015625,0.5797119140625
751950000,1.0152587890625,0.381103515625
752000000,1.0697021484375,0.1693115234375
752050000,1.0810546875,-0.0496826171875
752100000,1.0457763671875,-0.2662353515625
752150000,0.9718017578125,-0.472412109375
752200000,0.8548583984375,-0.65625
752250000,0.704345703125,-0.8155517578125
752300000,0.525390625,-0.936767578125
752350000,0.32568359375,-1.02392578125
752400000,0.1138916015625,-1.0670166015625
752450000,-0.1043701171875,-1.0662841796875
752500000,-0.3177490234375,-1.0225830078125
752550000,-0.5145263671875,-0.9383544921875
752600000,-0.693359375,-0.8145751953125
752650000,-0.8414306640625,-0.6551513671875
752700000,-0.95654296875,-0.4720458984375
752750000,-1.0306396484375,-0.2696533203125
752800000,-1.0635986328125,-0.0557861328125
752850000,-1.0511474609375,0.1591796875
752900000,-0.99755859375,0.367919921875
752950000,-0.90234375,0.5594482421875
753000000,-0.770263671875,0.7303466796875
753050000,-0.606689453125,0.8702392578125
753100000,-0.4188232421875,0.9722900390625
753150000,-0.2144775390625,1.0362548828125
753200000,-0.0010986328125,1.057861328125
753250000,0.2125244140625,1.035400390625
753300000,0.416015625,0.9700927734375
753350000,0.60302734375,0.8670654296875
753400000,0.765625,0.7281494140625
753450000,0.894287109375,0.5577392578125
753500000,0.9888916015625,0.364990234375
753550000,1.0421142578125,0.158447265625
753600000,1.052978515625,-0.0540771484375
753650000,1.0186767578125,-0.2625732421875
753700000,0.94482421875,-0.4642333984375
753750000,0.8314208984375,-0.6455078125
753800000,0.6827392578125,-0.8001708984375
753850000,0.5087890625,-0.920654296875
753900000,0.3133544921875,-1.0023193359375
753950000,0.1038818359375,-1.0467529296875
754000000,-0.109375,-1.0447998046875
754050000,-0.3173828125,-1.001220703125
754100000,-0.513916015625,-0.9168701171875
754150000,-0.687255859375,-0.79443359375
754200000,-0.832275390625,-0.6402587890625
754250000,-0.945068359375,-0.457275390625
754300000,-1.0191650390625,-0.2581787109375
754350000,-1.0494384765625,-0.048095703125
754400000,-1.0374755859375,0.1654052734375
754450000,-0.9825439453125,0.37158203125
754500000,-0.8878173828125,0.5615234375
754550000,-0.7548828125,0.7283935546875
754600000,-0.593017578125,0.86572265625
754650000,-0.4058837890625,0.9681396484375
754700000,-0.20263671875,1.0306396484375
754750000,0.0081787109375,1.0501708984375
754800000,0.2220458984375,1.026123046875
754850000,0.42236328125,0.9608154296875
754900000,0.6077880859375,0.856201171875
754950000,0.7681884765625,0.71484375
755000000,0.8970947265625,0.545166015625
755050000,0.9879150390625,0.353271484375
755100000,1.038818359375,0.146484375
755150000,1.0455322265625,-0.0650634765625
755200000,1.010986328125,-0.2757568359375
755250000,0.9349365234375,-0.4742431640625
755300000,0.8212890625,-0.652587890625
755350000,0.6715087890625,-0.8045654296875
755400000,0.492919921875,-0.9237060546875
755450000,0.298828125,-1.003662109375
755500000,0.08837890625,-1.043701171875
755550000,-0.1219482421875,-1.0389404296875
755600000,-0.3280029296875,-0.9925537109375
755650000,-0.5228271484375,-0.9072265625
755700000,-0.69384765625,-0.78173828125
755750000,-0.83544921875,-0.6243896484375
755800000,-0.9456787109375,-0.44287109375
755850000,-1.0159912109375,-0.242431640625
755900000,-1.041259765625,-0.0347900390625
755950000,-1.0272216796875,0.17724609375
756000000,-0.9700927734375,0.380126953125
756050000,-0.872314453125,0.567626953125
756100000,-0.739013671875,0.732421875
756150000,-0.57470703125,0.8648681640625
756200000,-0.3897705078125,0.962890625
756250000,-0.1884765625,1.0211181640625
756300000,0.021484375,1.03759765625
756350000,0.2303466796875,1.0101318359375
756400000,0.4288330078125,0.943115234375
756450000,0.6083984375,0.8355712890625
756500000,0.76416015625,0.6953125
756550000,0.889892578125,0.52734375
756600000,0.9754638671875,0.338134765625
756650000,1.0255126953125,0.1317138671875
756700000,1.0306396484375,-0.074951171875
756750000,0.9918212890625,-0.28271484375
756800000,0.9163818359375,-0.47607421875
756850000,0.801025390625,-0.650146484375
756900000,0.6536865234375,-0.798095703125
756950000,0.480712890625,-0.912109375
757000000,0.2850341796875,-0.990234375
757050000,0.077880859375,-1.026611328125
757100000,-0.1290283203125,-1.0211181640625
757150000,-0.331787109375,-0.9737548828125
757200000,-0.5213623046875,-0.8876953125
757250000,-0.689697265625,-0.76318359375
757300000,-0.8280029296875,-0.6094970703125
757350000,-0.933837890625,-0.4307861328125
757400000,-1.0003662109375,-0.23291015625
757450000,-1.02734375,-0.025390625
757500000,-1.009765625,0.1810302734375
757550000,-0.9530029296875,0.3822021484375
757600000,-0.857177734375,0.56396484375
757650000,-0.7254638671875,0.7265625
757700000,-0.5653076171875,0.8572998046875
757750000,-0.3795166015625,0.954833984375
757800000,-0.179443359375,1.0098876953125
757850000,0.02685546875,1.0255126953125
757900000,0.233154296875,0.9991455078125
757950000,0.43115234375,0.9298095703125
758000000,0.6107177734375,0.8251953125
758050000,0.7642822265625,0.6865234375
758100000,0.884521484375,0.5172119140625
758150000,0.971923828125,0.3284912109375
758200000,1.01953125,0.1265869140625
758250000,1.0242919921875,-0.082763671875
758300000,0.986572265625,-0.2879638671875
758350000,0.907958984375,-0.480224609375
758400000,0.792236328125,-0.652587890625
758450000,0.6448974609375,-0.79931640625
758500000,0.4705810546875,-0.913330078125
758550000,0.278076171875,-0.990478515625
758600000,0.0704345703125,-1.0264892578125
758650000,-0.138427734375,-1.0191650390625
758700000,-0.342041015625,-0.9713134765625
758750000,-0.5306396484375,-0.8828125
758800000,-0.6973876953125,-0.7584228515625
758850000,-0.8377685546875,-0.6026611328125
758900000,-0.942138671875,-0.42041015625
758950000,-1.00830078125,-0.222900390625
759000000,-1.0328369140625,-0.0150146484375
759050000,-1.0146484375,0.1956787109375
759100000,-0.95556640625,0.396240234375
759150000,-0.8570556640625,0.5810546875
759200000,-0.721435546875,0.7421875
759250000,-0.55712890625,0.872802734375
759300000,-0.37109375,0.9691162109375
759350000,-0.16650390625,1.0235595703125
759400000,0.0423583984375,1.0379638671875
759450000,0.2520751953125,1.0084228515625
759500000,0.4495849609375,0.9378662109375
759550000,0.6329345703125,0.827880859375
759600000,0.7869873046875,0.682373046875
759650000,0.9093017578125,0.51025390625
759700000,0.993896484375,0.3150634765625
759750000,1.0382080078125,0.109375
759800000,1.0404052734375,-0.1031494140625
759850000,0.997314453125,-0.310546875
759900000,0.916748046875,-0.507080078125
759950000,0.7935791015625,-0.68115234375
760000000,0.639404296875,-0.8289794921875
760050000,0.4593505859375,-0.943115234375
760100000,0.2591552734375,-1.0152587890625
760150000,0.0498046875,-1.0460205078125
760200000,-0.1630859375,-1.035400390625
760250000,-0.37158203125,-0.980224609375
760300000,-0.560302734375,-0.88623046875
760350000,-0.7288818359375,-0.755859375
760400000,-0.866943359375,-0.5931396484375
760450000,-0.96923828125,-0.4052734375
760500000,-1.0299072265625,-0.20068359375
760550000,-1.0511474609375,0.010986328125
760600000,-1.0277099609375,0.2237548828125
760650000,-0.961181640625,0.4263916015625
760700000,-0.855224609375,0.6121826171875
760750000,-0.7135009765625,0.77294921875
760800000,-0.5423583984375,0.9007568359375
760850000,-0.3472900390625,0.9920654296875
760900000,-0.1395263671875,1.0426025390625
760950000,0.074462890625,1.0474853515625
761000000,0.2840576171875,1.011962890625
761050000,0.481689453125,0.9327392578125
761100000,0.6611328125,0.816162109375
761150000,0.81298828125,0.6651611328125
761200000,0.9296875,0.48681640625
761250000,1.0074462890625,0.288818359375
761300000,1.0457763671875,0.079345703125
761350000,1.03857421875,-0.1336669921875
761400000,0.990234375,-0.3409423828125
761450000,0.899658203125,-0.5335693359375
761500000,0.7724609375,-0.705322265625
761550000,0.6142578125,-0.8460693359375
761600000,0.430908203125,-0.951904296875
761650000,0.2291259765625,-1.018798828125
761700000,0.0194091796875,-1.04150390625
761750000,-0.1927490234375,-1.0235595703125
761800000,-0.3956298828125,-0.9617919921875
761850000,-0.581298828125,-0.8626708984375
761900000,-0.7440185546875,-0.7254638671875
761950000,-0.87451171875,-0.5609130859375
762000000,-0.9693603515625,-0.372314453125
762050000,-1.02197265625,-0.1695556640625
762100000,-1.0352783203125,0.0418701171875
762150000,-1.003173828125,0.2503662109375
762200000,-0.93212890625,0.4462890625
762250000,-0.8203125,0.6248779296875
762300000,-0.6781005859375,0.776611328125
762350000,-0.505615234375,0.8974609375
762400000,-0.3138427734375,0.9808349609375
762450000,-0.1099853515625,1.0233154296875
762500000,0.0989990234375,1.023681640625
762550000,0.3031005859375,0.9796142578125
762600000,0.494873046875,0.8992919921875
762650000,0.6650390625,0.7802734375
762700000,0.809326171875,0.6300048828125
762750000,0.9178466796875,0.4537353515625
762800000,0.9903564453125,0.257568359375
762850000,1.0198974609375,0.052734375
762900000,1.0089111328125,-0.15478515625
762950000,0.958251953125,-0.35400390625
763000000,0.8665771484375,-0.539306640625
763050000,0.7374267578125,-0.703369140625
763100000,0.5821533203125,-0.837890625
763150000,0.4000244140625,-0.93701171875
763200000,0.2034912109375,-0.9979248046875
763250000,-0.0018310546875,-1.0181884765625
763300000,-0.2078857421875,-0.9970703125
763350000,-0.4027099609375,-0.932861328125
763400000,-0.586669921875,-0.831787109375
763450000,-0.739013671875,-0.698974609375
763500000,-0.865966796875,-0.53369140625
763550000,-0.954833984375,-0.348388671875
763600000,-1.0035400390625,-0.1492919921875
763650000,-1.014404296875,0.0543212890625
763700000,-0.9832763671875,0.259521484375
763750000,-0.9083251953125,0.4515380859375
763800000,-0.7987060546875,0.62646484375
763850000,-0.6572265625,0.77392578125
763900000,-0.4886474609375,0.8922119140625
763950000,-0.2967529296875,0.971435546875
764000000,-0.095947265625,1.0107421875
764050000,0.111083984375,1.0107421875
764100000,0.311279296875,0.96826171875
764150000,0.4990234375,0.8846435546875
764200000,0.6690673828125,0.7662353515625
764250000,0.8104248046875,0.6153564453125
764300000,0.9183349609375,0.43896484375
764350000,0.9862060546875,0.2459716796875
764400000,1.017333984375,0.041748046875
764450000,1.005859375,-0.1629638671875
764500000,0.951904296875,-0.3636474609375
764550000,0.859619140625,-0.5472412109375
764600000,0.7305908203125,-0.71044921875
764650000,0.5716552734375,-0.843505859375
764700000,0.3927001953125,-0.9420166015625
764750000,0.1929931640625,-1.000244140625
764800000,-0.0135498046875,-1.0206298828125
764850000,-0.2181396484375,-0.9976806640625
764900000,-0.4146728515625,-0.93359375
764950000,-0.5948486328125,-0.831298828125
765000000,-0.7510986328125,-0.6934814453125
765050000,-0.8746337890625,-0.52880859375
765100000,-0.9649658203125,-0.341064453125
765150000,-1.0137939453125,-0.1402587890625
765200000,-1.0225830078125,0.0675048828125
765250000,-0.9854736328125,0.2713623046875
765300000,-0.9112548828125,0.4656982421875
765350000,-0.7982177734375,0.6396484375
765400000,-0.6539306640625,0.7890625
765450000,-0.4803466796875,0.90380859375
765500000,-0.28955078125,0.9825439453125
765550000,-0.08544921875,1.0205078125
765600000,0.122802734375,1.0164794921875
765650000,0.3251953125,0.9705810546875
765700000,0.5146484375,0.885009765625
765750000,0.68310546875,0.7618408203125
765800000,0.8216552734375,0.6094970703125
765850000,0.9288330078125,0.4307861328125
765900000,0.9959716796875,0.23388671875
765950000,1.0224609375,0.029296875
766000000,1.0069580078125,-0.18017578125
766050000,0.9510498046875,-0.37841796875
766100000,0.853271484375,-0.5616455078125
766150000,0.722900390625,-0.7218017578125
766200000,0.5618896484375,-0.85205078125
766250000,0.377197265625,-0.947021484375
766300000,0.1798095703125,-1.0040283203125
766350000,-0.02734375,-1.01904296875
766400000,-0.2333984375,-0.99072265625
766450000,-0.4273681640625,-0.924072265625
766500000,-0.6044921875,-0.8197021484375
766550000,-0.7564697265625,-0.6805419921875
766600000,-0.8778076171875,-0.512939453125
766650000,-0.962646484375,-0.3236083984375
766700000,-1.0081787109375,-0.1236572265625
766750000,-1.01171875,0.0819091796875
766800000,-0.974609375,0.2838134765625
766850000,-0.896484375,0.474365234375
766900000,-0.7813720703125,0.64453125
766950000,-0.633544921875,0.7890625
767000000,-0.462646484375,0.9002685546875
767050000,-0.270751953125,0.974853515625
767100000,-0.069580078125,1.0081787109375
767150000,0.1358642578125,1.000244140625
767200000,0.3349609375,0.953125
767250000,0.519287109375,0.8648681640625
767300000,0.6826171875,0.7431640625
767350000,0.8182373046875,0.58935546875
767400000,0.918701171875,0.4124755859375
767450000,0.98388671875,0.218017578125
767500000,1.005615234375,0.015625
767550000,0.98828125,-0.1884765625
767600000,0.9290771484375,-0.3834228515625
767650000,0.8314208984375,-0.5615234375
767700000,0.70166015625,-0.7166748046875
767750000,0.54248046875,-0.843505859375
767800000,0.3609619140625,-0.93505859375
767850000,0.16455078125,-0.98876953125
767900000,-0.038330078125,-1.0018310546875
767950000,-0.237548828125,-0.9722900390625
768000000,-0.431884765625,-0.9056396484375
768050000,-0.6031494140625,-0.79931640625
768100000,-0.7535400390625,-0.6622314453125
768150000,-0.8702392578125,-0.4949951171875
768200000,-0.9522705078125,-0.3109130859375
768250000,-0.9951171875,-0.1104736328125
768300000,-0.9981689453125,0.09033203125
768350000,-0.9598388671875,0.290283203125
768400000,-0.8797607421875,0.4769287109375
768450000,-0.767333984375,0.644775390625
768500000,-0.620849609375,0.787109375
768550000,-0.4503173828125,0.8956298828125
768600000,-0.258056640625,0.967529296875
768650000,-0.0577392578125,1.0009765625
768700000,0.144287109375,0.99169921875
768750000,0.3408203125,0.9420166015625
768800000,0.5234375,0.8558349609375
768850000,0.6865234375,0.7327880859375
768900000,0.820068359375,0.5794677734375
768950000,0.919677734375,0.401611328125
769000000,0.98291015625,0.208740234375
769050000,1.004150390625,0.0057373046875
769100000,0.9854736328125,-0.1962890625
769150000,0.9249267578125,-0.39208984375
769200000,0.827392578125,-0.5712890625
769250000,0.6947021484375,-0.7269287109375
769300000,0.5347900390625,-0.8509521484375
769350000,0.353515625,-0.9432373046875
769400000,0.1539306640625,-0.9942626953125
769450000,-0.048828125,-1.0074462890625
769500000,-0.2503662109375,-0.9759521484375
769550000,-0.4434814453125,-0.904541015625
769600000,-0.617919921875,-0.7982177734375
769650000,-0.7647705078125,-0.658203125
769700000,-0.8834228515625,-0.4893798828125
769750000,-0.9635009765625,-0.3028564453125
769800000,-1.003662109375,-0.1026611328125
769850000,-1.0059814453125,0.102294921875
769900000,-0.965087890625,0.3037109375
769950000,-0.883544921875,0.4927978515625
770000000,-0.766357421875,0.6611328125
770050000,-0.61767578125,0.8018798828125
770100000,-0.4434814453125,0.910400390625
770150000,-0.2508544921875,0.9803466796875
770200000,-0.048583984375,1.01171875
770250000,0.156982421875,0.9998779296875
770300000,0.3564453125,0.9473876953125
770350000,0.5413818359375,0.8544921875
770400000,0.7030029296875,0.728515625
770450000,0.835693359375,0.5750732421875
770500000,0.933349609375,0.39208984375
770550000,0.992431640625,0.1953125
770600000,1.0123291015625,-0.0087890625
770650000,0.992431640625,-0.213134765625
770700000,0.9244384765625,-0.409912109375
770750000,0.8267822265625,-0.58740234375
770800000,0.68798828125,-0.7401123046875
770850000,0.5263671875,-0.8653564453125
770900000,0.3406982421875,-0.9549560546875
770950000,0.1412353515625,-1.001220703125
771000000,-0.0662841796875,-1.0096435546875
771050000,-0.2672119140625,-0.9755859375
771100000,-0.459228515625,-0.9007568359375
771150000,-0.63134765625,-0.7889404296875
771200000,-0.77734375,-0.64599609375
771250000,-0.890380859375,-0.4757080078125
771300000,-0.9677734375,-0.2852783203125
771350000,-1.00537109375,-0.08447265625
771400000,-1.0023193359375,0.120361328125
771450000,-0.95458984375,0.3199462890625
771500000,-0.870361328125,0.506591796875
771550000,-0.7510986328125,0.6705322265625
771600000,-0.5980224609375,0.807861328125
771650000,-0.4229736328125,0.912109375
771700000,-0.23046875,0.9786376953125
771750000,-0.029052734375,1.0040283203125
771800000,0.1759033203125,0.990234375
771850000,0.372802734375,0.9310302734375
771900000,0.5518798828125,0.8359375
771950000,0.707763671875,0.7078857421875
772000000,0.8370361328125,0.55078125
772050000,0.9298095703125,0.3695068359375
772100000,0.98486328125,0.1744384765625
772150000,1.0008544921875,-0.0277099609375
772200000,0.97265625,-0.2279052734375
772250000,0.90673828125,-0.4207763671875
772300000,0.8016357421875,-0.592529296875
772350000,0.6646728515625,-0.742431640625
772400000,0.5001220703125,-0.8621826171875
772450000,0.316162109375,-0.94482421875
772500000,0.1190185546875,-0.98974609375
772550000,-0.0831298828125,-0.99072265625
772600000,-0.2813720703125,-0.9539794921875
772650000,-0.4696044921875,-0.87646484375
772700000,-0.63525390625,-0.7645263671875
772750000,-0.777099609375,-0.6195068359375
772800000,-0.882568359375,-0.4488525390625
772850000,-0.95654296875,-0.2620849609375
772900000,-0.99072265625,-0.0634765625
772950000,-0.9822998046875,0.137939453125
773000000,-0.9345703125,0.3321533203125
773050000,-0.846923828125,0.5150146484375
773100000,-0.7255859375,0.6746826171875
773150000,-0.572998046875,0.8077392578125
773200000,-0.3995361328125,0.9051513671875
773250000,-0.20947265625,0.9683837890625
773300000,-0.0074462890625,0.9903564453125
773350000,0.190673828125,0.9710693359375
773400000,0.383056640625,0.91259765625
773450000,0.561279296875,0.8140869140625
773500000,0.7135009765625,0.6859130859375
773550000,0.8370361328125,0.5279541015625
773600000,0.9251708984375,0.34765625
773650000,0.9781494140625,0.154052734375
773700000,0.988037109375,-0.0465087890625
773750000,0.9578857421875,-0.2435302734375
773800000,0.8892822265625,-0.4339599609375
773850000,0.7833251953125,-0.60400390625
773900000,0.644287109375,-0.7503662109375
773950000,0.4808349609375,-0.8631591796875
774000000,0.2965087890625,-0.9444580078125
774050000,0.1014404296875,-0.9832763671875
774100000,-0.10205078125,-0.9837646484375
774150000,-0.2991943359375,-0.94287109375
774200000,-0.482177734375,-0.864013671875
774250000,-0.6483154296875,-0.7471923828125
774300000,-0.7838134765625,-0.6026611328125
774350000,-0.8892822265625,-0.431640625
774400000,-0.957763671875,-0.2431640625
774450000,-0.9886474609375,-0.0460205078125
774500000,-0.97607421875,0.15478515625
774550000,-0.925048828125,0.3499755859375
774600000,-0.8360595703125,0.529052734375
774650000,-0.711181640625,0.6878662109375
774700000,-0.558349609375,0.816650390625
774750000,-0.3819580078125,0.9134521484375
774800000,-0.1905517578125,0.9698486328125
774850000,0.0078125,0.9891357421875
774900000,0.208251953125,0.9678955078125
774950000,0.3988037109375,0.906005859375
775000000,0.5732421875,0.806884765625
775050000,0.723388671875,0.671630859375
775100000,0.84423828125,0.5120849609375
775150000,0.9288330078125,0.332763671875
775200000,0.977783203125,0.1380615234375
775250000,0.986328125,-0.060546875
775300000,0.952880859375,-0.2576904296875
775350000,0.8802490234375,-0.447021484375
775400000,0.7728271484375,-0.615478515625
775450000,0.6314697265625,-0.7569580078125
775500000,0.4671630859375,-0.8697509765625
775550000,0.281005859375,-0.9456787109375
775600000,0.0860595703125,-0.9818115234375
775650000,-0.114013671875,-0.9781494140625
775700000,-0.309326171875,-0.9345703125
775750000,-0.4906005859375,-0.85302734375
775800000,-0.6510009765625,-0.737548828125
775850000,-0.787109375,-0.590087890625
775900000,-0.88916015625,-0.41943359375
775950000,-0.95361328125,-0.229736328125
776000000,-0.9810791015625,-0.03271484375
776050000,-0.96728515625,0.164794921875
776100000,-0.914306640625,0.3560791015625
776150000,-0.822509765625,0.5328369140625
776200000,-0.6973876953125,0.6866455078125
776250000,-0.5457763671875,0.8118896484375
776300000,-0.370361328125,0.9066162109375
776350000,-0.1785888671875,0.9603271484375
776400000,0.0185546875,0.9783935546875
776450000,0.2115478515625,0.9537353515625
776500000,0.40234375,0.890625
776550000,0.5716552734375,0.7899169921875
776600000,0.717529296875,0.659423828125
776650000,0.836181640625,0.5009765625
776700000,0.918701171875,0.3218994140625
776750000,0.9644775390625,0.12939453125
776800000,0.9703369140625,-0.06787109375
776850000,0.9368896484375,-0.2596435546875
776900000,0.8648681640625,-0.443115234375
776950000,0.7574462890625,-0.608642578125
777000000,0.61865234375,-0.7491455078125
777050000,0.4547119140625,-0.859130859375
777100000,0.271484375,-0.932373046875
777150000,0.0794677734375,-0.9678955078125
777200000,-0.1171875,-0.962890625
777250000,-0.307861328125,-0.918701171875
777300000,-0.4866943359375,-0.837890625
777350000,-0.646240234375,-0.7236328125
777400000,-0.7774658203125,-0.5780029296875
777450000,-0.880126953125,-0.408447265625
777500000,-0.942626953125,-0.22314453125
777550000,-0.96875,-0.029541015625
777600000,-0.954345703125,0.1666259765625
777650000,-0.9013671875,0.3560791015625
777700000,-0.8116455078125,0.5303955078125
777750000,-0.6884765625,0.681884765625
777800000,-0.5367431640625,0.80859375
777850000,-0.363037109375,0.89990234375
777900000,-0.1734619140625,0.9549560546875
777950000,0.022216796875,0.9710693359375
778000000,0.218017578125,0.946533203125
778050000,0.404296875,0.8834228515625
778100000,0.576171875,0.7835693359375
778150000,0.72119140625,0.6514892578125
778200000,0.8385009765625,0.494873046875
778250000,0.92041015625,0.312744140625
778300000,0.9661865234375,0.122314453125
778350000,0.9715576171875,-0.0755615234375
778400000,0.9368896484375,-0.270263671875
778450000,0.8621826171875,-0.453369140625
778500000,0.7540283203125,-0.61865234375
778550000,0.61376953125,-0.7591552734375
778600000,0.4495849609375,-0.8677978515625
778650000,0.2646484375,-0.941162109375
778700000,0.068603515625,-0.9754638671875
778750000,-0.12890625,-0.971435546875
778800000,-0.3238525390625,-0.924560546875
778850000,-0.50390625,-0.84033203125
778900000,-0.6639404296875,-0.7220458984375
778950000,-0.7958984375,-0.5740966796875
779000000,-0.89599609375,-0.40087890625
779050000,-0.9578857421875,-0.2130126953125
779100000,-0.9835205078125,-0.0126953125
779150000,-0.9652099609375,0.1865234375
779200000,-0.90966796875,0.377685546875
779250000,-0.815185546875,0.5531005859375
779300000,-0.685791015625,0.706787109375
779350000,-0.5303955078125,0.8299560546875
779400000,-0.350830078125,0.922119140625
779450000,-0.1572265625,0.973388671875
779500000,0.043212890625,0.9862060546875
779550000,0.239990234375,0.9571533203125
779600000,0.4307861328125,0.888671875
779650000,0.601806640625,0.7852783203125
779700000,0.74755859375,0.6463623046875
779750000,0.8629150390625,0.4825439453125
779800000,0.9423828125,0.2979736328125
779850000,0.9842529296875,0.1014404296875
779900000,0.9842529296875,-0.0986328125
779950000,0.9443359375,-0.29638671875
780000000,0.8642578125,-0.480712890625
780050000,0.7498779296875,-0.6458740234375
780100000,0.6026611328125,-0.784423828125
780150000,0.4324951171875,-0.88916015625
780200000,0.2423095703125,-0.9586181640625
780250000,0.0447998046875,-0.9876708984375
780300000,-0.15625,-0.9769287109375
780350000,-0.3509521484375,-0.9248046875
780400000,-0.5294189453125,-0.8350830078125
780450000,-0.6881103515625,-0.71044921875
780500000,-0.8160400390625,-0.5555419921875
780550000,-0.909423828125,-0.3782958984375
780600000,-0.9659423828125,-0.1884765625
780650000,-0.9849853515625,0.0118408203125
780700000,-0.9627685546875,0.209228515625
780750000,-0.899658203125,0.3994140625
780800000,-0.801025390625,0.5714111328125
780850000,-0.6680908203125,0.7215576171875
780900000,-0.5068359375,0.8408203125
780950000,-0.3275146484375,0.9248046875
781000000,-0.132568359375,0.971435546875
781050000,0.0660400390625,0.9776611328125
781100000,0.2623291015625,0.9444580078125
781150000,0.4481201171875,0.8719482421875
781200000,0.613525390625,0.763671875
781250000,0.7530517578125,0.622314453125
781300000,0.86376953125,0.4569091796875
781350000,0.93701171875,0.2745361328125
781400000,0.97216796875,0.07861328125
781450000,0.9661865234375,-0.118896484375
781500000,0.9228515625,-0.3115234375
781550000,0.8399658203125,-0.4901123046875
781600000,0.72412109375,-0.6475830078125
781650000,0.5772705078125,-0.78125
781700000,0.40673828125,-0.8812255859375
781750000,0.221435546875,-0.9451904296875
781800000,0.0260009765625,-0.9688720703125
781850000,-0.1697998046875,-0.953369140625
781900000,-0.359375,-0.899169921875
781950000,-0.533447265625,-0.807373046875
782000000,-0.6851806640625,-0.683349609375
782050000,-0.806884765625,-0.53076171875
782100000,-0.898193359375,-0.357421875
782150000,-0.949462890625,-0.1683349609375
782200000,-0.9656982421875,0.0264892578125
782250000,-0.939453125,0.2208251953125
782300000,-0.8748779296875,0.40380859375
782350000,-0.7728271484375,0.5721435546875
782400000,-0.6439208984375,0.718017578125
782450000,-0.4857177734375,0.83251953125
782500000,-0.30859375,0.9124755859375
782550000,-0.1173095703125,0.955078125
782600000,0.07861328125,0.9586181640625
782650000,0.26904296875,0.9227294921875
782700000,0.450439453125,0.8494873046875
782750000,0.613037109375,0.73974609375
782800000,0.7503662109375,0.6024169921875
782850000,0.85546875,0.4393310546875
782900000,0.927001953125,0.255859375
782950000,0.9600830078125,0.0655517578125
783000000,0.952880859375,-0.1292724609375
783050000,0.9068603515625,-0.3201904296875
783100000,0.8233642578125,-0.4957275390625
783150000,0.706787109375,-0.6531982421875
783200000,0.5604248046875,-0.78271484375
783250000,0.392333984375,-0.87939453125
783300000,0.2064208984375,-0.938720703125
783350000,0.012451171875,-0.962646484375
783400000,-0.182861328125,-0.9453125
783450000,-0.3699951171875,-0.8897705078125
783500000,-0.541748046875,-0.798095703125
783550000,-0.6915283203125,-0.6717529296875
783600000,-0.8138427734375,-0.5191650390625
783650000,-0.9013671875,-0.34326171875
783700000,-0.951416015625,-0.1536865234375
783750000,-0.9638671875,0.0406494140625
783800000,-0.9364013671875,0.2357177734375
783850000,-0.8707275390625,0.419189453125
783900000,-0.76806640625,0.586669921875
783950000,-0.632080078125,0.730712890625
784000000,-0.4730224609375,0.84326171875
784050000,-0.2935791015625,0.922119140625
784100000,-0.1021728515625,0.962158203125
784150000,0.09521484375,0.9625244140625
784200000,0.2879638671875,0.9256591796875
784250000,0.4698486328125,0.848388671875
784300000,0.631103515625,0.736083984375
784350000,0.7666015625,0.5931396484375
784400000,0.871337890625,0.4263916015625
784450000,0.9395751953125,0.24169921875
784500000,0.9697265625,0.046630859375
784550000,0.960693359375,-0.14990234375
784600000,0.9095458984375,-0.3419189453125
784650000,0.822021484375,-0.5167236328125
784700000,0.7012939453125,-0.6728515625
784750000,0.5521240234375,-0.8018798828125
784800000,0.378173828125,-0.8968505859375
784850000,0.1883544921875,-0.953857421875
784900000,-0.0076904296875,-0.9732666015625
784950000,-0.2027587890625,-0.951416015625
785000000,-0.3936767578125,-0.892822265625
785050000,-0.564208984375,-0.7950439453125
785100000,-0.7127685546875,-0.661865234375
785150000,-0.83349609375,-0.5048828125
785200000,-0.9169921875,-0.3271484375
785250000,-0.964111328125,-0.1348876953125
785300000,-0.9722900390625,0.0643310546875
785350000,-0.9395751953125,0.2578125
785400000,-0.867919921875,0.4432373046875
785450000,-0.760498046875,0.6094970703125
785500000,-0.6217041015625,0.7501220703125
785550000,-0.4576416015625,0.8609619140625
785600000,-0.2734375,0.9354248046875
785650000,-0.0772705078125,0.9713134765625
785700000,0.1197509765625,0.9664306640625
785750000,0.3123779296875,0.921630859375
785800000,0.49365234375,0.839111328125
785850000,0.652099609375,0.7225341796875
785900000,0.78515625,0.57470703125
785950000,0.884033203125,0.4046630859375
786000000,0.947265625,0.2159423828125
786050000,0.9722900390625,0.020751953125
786100000,0.9534912109375,-0.178955078125
786150000,0.8984375,-0.369384765625
786200000,0.805419921875,-0.540771484375
786250000,0.6771240234375,-0.693115234375
786300000,0.5234375,-0.815673828125
786350000,0.346923828125,-0.904052734375
786400000,0.1556396484375,-0.95458984375
786450000,-0.040771484375,-0.9661865234375
786500000,-0.23486328125,-0.93701171875
786550000,-0.41845703125,-0.868896484375
786600000,-0.5863037109375,-0.7655029296875
786650000,-0.7296142578125,-0.6295166015625
786700000,-0.84033203125,-0.4678955078125
786750000,-0.916015625,-0.2880859375
786800000,-0.955322265625,-0.0928955078125
786850000,-0.95458984375,0.0992431640625
786900000,-0.9132080078125,0.2918701171875
786950000,-0.8353271484375,0.4683837890625
787000000,-0.72021484375,0.6295166015625
787050000,-0.57763671875,0.7601318359375
787100000,-0.4107666015625,0.8603515625
787150000,-0.228515625,0.9261474609375
787200000,-0.034912109375,0.9525146484375
787250000,0.156494140625,0.938232421875
787300000,0.3443603515625,0.88525390625
787350000,0.5159912109375,0.795654296875
787400000,0.6658935546875,0.674072265625
787450000,0.7855224609375,0.5234375
787500000,0.875,0.354248046875
787550000,0.93017578125,0.16943359375
787600000,0.94091796875,-0.0213623046875
787650000,0.91650390625,-0.2113037109375
787700000,0.853759765625,-0.3929443359375
787750000,0.7557373046875,-0.5548095703125
787800000,0.627685546875,-0.6976318359375
787850000,0.4727783203125,-0.8079833984375
787900000,0.299560546875,-0.88623046875
787950000,0.1148681640625,-0.9259033203125
788000000,-0.07568359375,-0.929931640625
788050000,-0.2607421875,-0.89453125
788100000,-0.4339599609375,-0.822021484375
788150000,-0.59228515625,-0.7171630859375
788200000,-0.725341796875,-0.5806884765625
788250000,-0.8271484375,-0.422607421875
788300000,-0.8934326171875,-0.246826171875
788350000,-0.9237060546875,-0.0616455078125
788400000,-0.9168701171875,0.125244140625
788450000,-0.871337890625,0.3082275390625
788500000,-0.7913818359375,0.477783203125
788550000,-0.6793212890625,0.6263427734375
788600000,-0.538330078125,0.74951171875
788650000,-0.375,0.841552734375
788700000,-0.198974609375,0.899169921875
788750000,-0.0125732421875,0.9188232421875
788800000,0.172119140625,0.9031982421875
788850000,0.3499755859375,0.8507080078125
788900000,0.5126953125,0.76171875
788950000,0.6556396484375,0.6419677734375
789000000,0.77099609375,0.49658203125
789050000,0.855224609375,0.3316650390625
789100000,0.904296875,0.1517333984375
789150000,0.9158935546875,-0.0335693359375
789200000,0.8916015625,-0.2161865234375
789250000,0.8289794921875,-0.3927001953125
789300000,0.7322998046875,-0.5496826171875
789350000,0.608154296875,-0.684814453125
789400000,0.4564208984375,-0.7926025390625
789450000,0.2869873046875,-0.8682861328125
789500000,0.1064453125,-0.907470703125
789550000,-0.079345703125,-0.910400390625
789600000,-0.2591552734375,-0.875244140625
789650000,-0.429931640625,-0.806396484375
789700000,-0.5841064453125,-0.7021484375
789750000,-0.71435546875,-0.571044921875
789800000,-0.813720703125,-0.414794921875
789850000,-0.8802490234375,-0.2421875
789900000,-0.91015625,-0.0599365234375
789950000,-0.90380859375,0.1258544921875
790000000,-0.8604736328125,0.303466796875
790050000,-0.78076171875,0.47216796875
790100000,-0.6693115234375,0.617431640625
790150000,-0.5318603515625,0.74072265625
790200000,-0.37109375,0.83154296875
790250000,-0.1953125,0.8896484375
790300000,-0.01318359375,0.9102783203125
790350000,0.1717529296875,0.89453125
790400000,0.3480224609375,0.841064453125
790450000,0.5106201171875,0.7529296875
790500000,0.650146484375,0.63525390625
790550000,0.76513671875,0.4906005859375
790600000,0.848388671875,0.3260498046875
790650000,0.896484375,0.1483154296875
790700000,0.906494140625,-0.0350341796875
790750000,0.8797607421875,-0.2166748046875
790800000,0.8160400390625,-0.3902587890625
790850000,0.722412109375,-0.5457763671875
790900000,0.595703125,-0.6820068359375
790950000,0.4444580078125,-0.787353515625
791000000,0.276611328125,-0.8607177734375
791050000,0.0975341796875,-0.8968505859375
791100000,-0.0843505859375,-0.8980712890625
791150000,-0.26318359375,-0.8619384765625
791200000,-0.431884765625,-0.7906494140625
791250000,-0.5814208984375,-0.685791015625
791300000,-0.7071533203125,-0.5538330078125
791350000,-0.802734375,-0.3992919921875
791400000,-0.8662109375,-0.228271484375
791450000,-0.8944091796875,-0.04931640625
791500000,-0.8863525390625,0.1324462890625
791550000,-0.8399658203125,0.3079833984375
791600000,-0.7596435546875,0.4705810546875
791650000,-0.6484375,0.61376953125
791700000,-0.5098876953125,0.7313232421875
791750000,-0.3536376953125,0.8182373046875
791800000,-0.17919921875,0.871337890625
791850000,-0.0015869140625,0.8880615234375
791900000,0.1773681640625,0.8712158203125
791950000,0.349365234375,0.8165283203125
792000000,0.5072021484375,0.7286376953125
792050000,0.642822265625,0.6102294921875
792100000,0.75048828125,0.46923828125
792150000,0.83056640625,0.3084716796875
792200000,0.8736572265625,0.1334228515625
792250000,0.8831787109375,-0.045166015625
792300000,0.8546142578125,-0.2203369140625
792350000,0.7911376953125,-0.3876953125
792400000,0.697509765625,-0.5390625
792450000,0.573486328125,-0.6693115234375
792500000,0.42578125,-0.7679443359375
792550000,0.2611083984375,-0.839599609375
792600000,0.08837890625,-0.8753662109375
792650000,-0.09033203125,-0.874267578125
792700000,-0.2626953125,-0.8382568359375
792750000,-0.42724609375,-0.767333984375
792800000,-0.572509765625,-0.6658935546875
792850000,-0.6943359375,-0.53662109375
792900000,-0.7874755859375,-0.3853759765625
792950000,-0.849365234375,-0.2186279296875
793000000,-0.8751220703125,-0.0452880859375
793050000,-0.86669921875,0.1326904296875
793100000,-0.8221435546875,0.3050537109375
793150000,-0.7454833984375,0.4632568359375
793200000,-0.6378173828125,0.603759765625
793250000,-0.50146484375,0.72021484375
793300000,-0.3450927734375,0.80712890625
793350000,-0.178466796875,0.8603515625
793400000,-0.001708984375,0.8770751953125
793450000,0.1761474609375,0.861572265625
793500000,0.34521484375,0.80810546875
793550000,0.5015869140625,0.721923828125
793600000,0.637451171875,0.6065673828125
793650000,0.7454833984375,0.4664306640625
793700000,0.82470703125,0.30810546875
793750000,0.8704833984375,0.1356201171875
793800000,0.880859375,-0.04296875
793850000,0.853759765625,-0.2198486328125
793900000,0.793701171875,-0.38818359375
793950000,0.6986083984375,-0.5400390625
794000000,0.5767822265625,-0.6690673828125
794050000,0.4307861328125,-0.77099609375
794100000,0.2659912109375,-0.843505859375
794150000,0.09130859375,-0.87939453125
794200000,-0.090087890625,-0.8822021484375
794250000,-0.263427734375,-0.846923828125
794300000,-0.4287109375,-0.776611328125
794350000,-0.5772705078125,-0.672607421875
794400000,-0.702392578125,-0.5438232421875
794450000,-0.797607421875,-0.3919677734375
794500000,-0.861083984375,-0.2230224609375
794550000,-0.887939453125,-0.0469970703125
794600000,-0.8802490234375,0.1365966796875
794650000,-0.8350830078125,0.310302734375
794700000,-0.756591796875,0.4715576171875
794750000,-0.644775390625,0.615478515625
794800000,-0.5067138671875,0.7327880859375
794850000,-0.349609375,0.8211669921875
794900000,-0.1781005859375,0.8763427734375
794950000,0.0035400390625,0.893798828125
795000000,0.183349609375,0.8751220703125
795050000,0.356689453125,0.8199462890625
795100000,0.51416015625,0.7310791015625
795150000,0.6522216796875,0.613037109375
795200000,0.76123046875,0.4688720703125
795250000,0.8416748046875,0.3057861328125
795300000,0.885498046875,0.1270751953125
795350000,0.8929443359375,-0.053955078125
795400000,0.863525390625,-0.2327880859375
795450000,0.7989501953125,-0.4036865234375
795500000,0.700439453125,-0.5567626953125
795550000,0.57421875,-0.6861572265625
795600000,0.423583984375,-0.7879638671875
795650000,0.256103515625,-0.856689453125
795700000,0.07861328125,-0.8897705078125
795750000,-0.1038818359375,-0.8895263671875
795800000,-0.2811279296875,-0.8487548828125
795850000,-0.44482421875,-0.7742919921875
795900000,-0.59326171875,-0.668701171875
795950000,-0.716064453125,-0.535400390625
796000000,-0.80859375,-0.3770751953125
796050000,-0.8677978515625,-0.206787109375
796100000,-0.890625,-0.0263671875
796150000,-0.8787841796875,0.15380859375
796200000,-0.8280029296875,0.329345703125
796250000,-0.7437744140625,0.4886474609375
796300000,-0.631591796875,0.62841796875
796350000,-0.490234375,0.7440185546875
796400000,-0.33056640625,0.826904296875
796450000,-0.1561279296875,0.87646484375
796500000,0.02392578125,0.888671875
796550000,0.203857421875,0.86572265625
796600000,0.3736572265625,0.8050537109375
796650000,0.5299072265625,0.71337890625
796700000,0.6619873046875,0.5911865234375
796750000,0.76806640625,0.4456787109375
796800000,0.8409423828125,0.2796630859375
796850000,0.878662109375,0.1041259765625
796900000,0.8831787109375,-0.075927734375
796950000,0.8489990234375,-0.2509765625
797000000,0.7794189453125,-0.416259765625
797050000,0.68017578125,-0.5679931640625
797100000,0.5506591796875,-0.6929931640625
797150000,0.4002685546875,-0.7889404296875
797200000,0.23095703125,-0.8536376953125
797250000,0.054443359375,-0.8817138671875
797300000,-0.1248779296875,-0.8748779296875
797350000,-0.2974853515625,-0.831298828125
797400000,-0.461181640625,-0.7537841796875
797450000,-0.6031494140625,-0.644287109375
797500000,-0.7208251953125,-0.5093994140625
797550000,-0.808837890625,-0.3543701171875
797600000,-0.8638916015625,-0.1826171875
797650000,-0.8836669921875,-0.004638671875
797700000,-0.86474609375,0.173828125
797750000,-0.81201171875,0.344970703125
797800000,-0.725830078125,0.502197265625
797850000,-0.6107177734375,0.6390380859375
797900000,-0.468505859375,0.7496337890625
797950000,-0.30712890625,0.828369140625
798000000,-0.1339111328125,0.873779296875
798050000,0.044677734375,0.881103515625
798100000,0.22216796875,0.85498046875
798150000,0.3909912109375,0.79345703125
798200000,0.5421142578125,0.6961669921875
798250000,0.672607421875,0.57373046875
798300000,0.7752685546875,0.4261474609375
798350000,0.8453369140625,0.26123046875
798400000,0.878662109375,0.083251953125
798450000,0.8787841796875,-0.0933837890625
798500000,0.8428955078125,-0.27001953125
798550000,0.770263671875,-0.43408203125
798600000,0.666748046875,-0.582275390625
798650000,0.53564453125,-0.7052001953125
798700000,0.3818359375,-0.7994384765625
798750000,0.2132568359375,-0.8607177734375
798800000,0.036376953125,-0.8856201171875
798850000,-0.14501953125,-0.8751220703125
798900000,-0.318359375,-0.826904296875
798950000,-0.479736328125,-0.7454833984375
799000000,-0.619384765625,-0.6353759765625
799050000,-0.7352294921875,-0.496826171875
799100000,-0.8209228515625,-0.3387451171875
799150000,-0.8731689453125,-0.1651611328125
799200000,-0.8873291015625,0.014892578125
799250000,-0.86669921875,0.1943359375
799300000,-0.8099365234375,0.3656005859375
799350000,-0.7200927734375,0.52197265625
799400000,-0.60009765625,0.6563720703125
799450000,-0.4532470703125,0.76416015625
799500000,-0.29150390625,0.83984375
799550000,-0.1153564453125,0.8812255859375
799600000,0.06591796875,0.886474609375
799650000,0.2420654296875,0.8543701171875
799700000,0.41064453125,0.7874755859375
799750000,0.56103515625,0.6884765625
799800000,0.6884765625,0.5611572265625
799850000,0.78857421875,0.4095458984375
799900000,0.8544921875,0.241943359375
799950000,0.885009765625,0.0643310546875
800000000,0.8800048828125,-0.1175537109375
800050000,0.838623046875,-0.2916259765625
800100000,0.761962890625,-0.454833984375
800150000,0.653564453125,-0.597900390625
800200000,0.51806640625,-0.71875
800250000,0.36279296875,-0.808837890625
800300000,0.1907958984375,-0.8663330078125
800350000,0.0125732421875,-0.8865966796875
800400000,-0.1673583984375,-0.8702392578125
800450000,-0.3385009765625,-0.8167724609375
800500000,-0.496337890625,-0.7322998046875
800550000,-0.6334228515625,-0.61474609375
800600000,-0.7437744140625,-0.474853515625
800650000,-0.824951171875,-0.313720703125
800700000,-0.8709716796875,-0.1396484375
800750000,-0.8829345703125,0.0374755859375
800800000,-0.857177734375,0.2142333984375
800850000,-0.792236328125,0.383056640625
800900000,-0.697998046875,0.5350341796875
800950000,-0.5750732421875,0.665283203125
801000000,-0.42822265625,0.7681884765625
801050000,-0.26318359375,0.8388671875
801100000,-0.0889892578125,0.873291015625
801150000,0.090087890625,0.8717041015625
801200000,0.26220703125,0.83642578125
801250000,0.4276123046875,0.7640380859375
801300000,0.5728759765625,0.66259765625
801350000,0.6943359375,0.5325927734375
801400000,0.786376953125,0.3798828125
801450000,0.8460693359375,0.21484375
801500000,0.8721923828125,0.0372314453125
801550000,0.861328125,-0.1397705078125
801600000,0.81396484375,-0.30908203125
801650000,0.733642578125,-0.4671630859375
801700000,0.624267578125,-0.6065673828125
801750000,0.4871826171875,-0.7186279296875
801800000,0.3314208984375,-0.80224609375
801850000,0.1634521484375,-0.8507080078125
801900000,-0.0137939453125,-0.86865234375
801950000,-0.1881103515625,-0.8465576171875
802000000,-0.3558349609375,-0.789306640625
802050000,-0.5072021484375,-0.7017822265625
802100000,-0.63916015625,-0.5855712890625
802150000,-0.742431640625,-0.4442138671875
802200000,-0.8157958984375,-0.2835693359375
802250000,-0.857421875,-0.112548828125
802300000,-0.8599853515625,0.06298828125
802350000,-0.830322265625,0.236572265625
802400000,-0.766845703125,0.3988037109375
802450000,-0.66943359375,0.544677734375
802500000,-0.5447998046875,0.66845703125
802550000,-0.3985595703125,0.764892578125
802600000,-0.237548828125,0.82958984375
802650000,-0.063232421875,0.8587646484375
802700000,0.1109619140625,0.8531494140625
802750000,0.280517578125,0.8126220703125
802800000,0.439697265625,0.7410888671875
802850000,0.5792236328125,0.6357421875
802900000,0.69580078125,0.5050048828125
802950000,0.782958984375,0.353515625
803000000,0.8377685546875,0.1875
803050000,0.8607177734375,0.014892578125
803100000,0.8450927734375,-0.159912109375
803150000,0.7955322265625,-0.327880859375
803200000,0.71142578125,-0.4815673828125
803250000,0.6021728515625,-0.6142578125
803300000,0.4658203125,-0.7236328125
803350000,0.309814453125,-0.8028564453125
803400000,0.1395263671875,-0.8482666015625
803450000,-0.0345458984375,-0.8587646484375
803500000,-0.2066650390625,-0.8367919921875
803550000,-0.3697509765625,-0.7747802734375
803600000,-0.5208740234375,-0.685546875
803650000,-0.6485595703125,-0.5662841796875
803700000,-0.750244140625,-0.42431640625
803750000,-0.818359375,-0.2630615234375
803800000,-0.856201171875,-0.0914306640625
803850000,-0.8558349609375,0.08203125
803900000,-0.82177734375,0.254638671875
803950000,-0.7535400390625,0.4161376953125
804000000,-0.6541748046875,0.5601806640625
804050000,-0.5274658203125,0.68115234375
804100000,-0.3792724609375,0.7733154296875
804150000,-0.2144775390625,0.8328857421875
804200000,-0.0421142578125,0.8594970703125
804250000,0.1331787109375,0.85107421875
804300000,0.30126953125,0.806884765625
804350000,0.4591064453125,0.728515625
804400000,0.59619140625,0.6195068359375
804450000,0.7108154296875,0.4852294921875
804500000,0.7939453125,0.3328857421875
804550000,0.8447265625,0.1658935546875
804600000,0.8594970703125,-0.0101318359375
804650000,0.8392333984375,-0.1827392578125
804700000,0.7850341796875,-0.3507080078125
804750000,0.697509765625,-0.4993896484375
804800000,0.58056640625,-0.630859375
804850000,0.44140625,-0.7352294921875
804900000,0.2825927734375,-0.80908203125
804950000,0.114013671875,-0.848388671875
805000000,-0.0599365234375,-0.8543701171875
805050000,-0.2318115234375,-0.82275390625
805100000,-0.3939208984375,-0.7574462890625
805150000,-0.5377197265625,-0.6614990234375
805200000,-0.660400390625,-0.5386962890625
805250000,-0.7554931640625,-0.3939208984375
805300000,-0.8167724609375,-0.2320556640625
805350000,-0.84814453125,-0.0623779296875
805400000,-0.84130859375,0.1097412109375
805450000,-0.7991943359375,0.2783203125
805500000,-0.7266845703125,0.433837890625
805550000,-0.62060546875,0.5712890625
805600000,-0.492919921875,0.683837890625
805650000,-0.34423828125,0.7686767578125
805700000,-0.181884765625,0.8206787109375
805750000,-0.0098876953125,0.8394775390625
805800000,0.1591796875,0.82373046875
805850000,0.3216552734375,0.7718505859375
805900000,0.4700927734375,0.692138671875
805950000,0.59912109375,0.5802001953125
806000000,0.70361328125,0.44580078125
806050000,0.7769775390625,0.29345703125
806100000,0.820556640625,0.1297607421875
806150000,0.827392578125,-0.037353515625
806200000,0.8018798828125,-0.2025146484375
806250000,0.74267578125,-0.360107421875
806300000,0.6541748046875,-0.502197265625
806350000,0.538330078125,-0.6217041015625
806400000,0.4000244140625,-0.7164306640625
806450000,0.246826171875,-0.7821044921875
806500000,0.0843505859375,-0.8131103515625
806550000,-0.0802001953125,-0.8128662109375
806600000,-0.2427978515625,-0.778564453125
806650000,-0.39501953125,-0.712646484375
806700000,-0.5306396484375,-0.6168212890625
806750000,-0.6427001953125,-0.4986572265625
806800000,-0.7293701171875,-0.358154296875
806850000,-0.78515625,-0.2025146484375
806900000,-0.8092041015625,-0.0400390625
806950000,-0.799560546875,0.1220703125
807000000,-0.7579345703125,0.2813720703125
807050000,-0.6844482421875,0.428466796875
807100000,-0.584716796875,0.554931640625
807150000,-0.459716796875,0.661865234375
807200000,-0.3167724609375,0.7401123046875
807250000,-0.16162109375,0.787353515625
807300000,7.32421875E-4,0.8031005859375
807350000,0.1607666015625,0.7867431640625
807400000,0.317626953125,0.7386474609375
807450000,0.460205078125,0.65771484375
807500000,0.582763671875,0.5517578125
807550000,0.68115234375,0.4251708984375
807600000,0.753173828125,0.27783203125
807650000,0.7935791015625,0.1190185546875
807700000,0.7996826171875,-0.041015625
807750000,0.776611328125,-0.2015380859375
807800000,0.7183837890625,-0.353759765625
807850000,0.6328125,-0.491455078125
807900000,0.5208740234375,-0.6090087890625
807950000,0.387939453125,-0.7005615234375
808000000,0.2386474609375,-0.7655029296875
808050000,0.0792236328125,-0.7982177734375
808100000,-0.0828857421875,-0.797119140625
808150000,-0.2421875,-0.7645263671875
808200000,-0.391357421875,-0.7005615234375
808250000,-0.524169921875,-0.6064453125
808300000,-0.6368408203125,-0.4898681640625
808350000,-0.722900390625,-0.3505859375
808400000,-0.7786865234375,-0.197509765625
808450000,-0.8033447265625,-0.0374755859375
808500000,-0.7947998046875,0.1256103515625
808550000,-0.753173828125,0.2843017578125
808600000,-0.6812744140625,0.430908203125
808650000,-0.58056640625,0.5604248046875
808700000,-0.4556884765625,0.6649169921875
808750000,-0.31005859375,0.74462890625
808800000,-0.155029296875,0.791748046875
808850000,0.0093994140625,0.8070068359375
808900000,0.17236328125,0.7886962890625
808950000,0.3284912109375,0.7374267578125
809000000,0.47119140625,0.656982421875
809050000,0.5960693359375,0.5458984375
809100000,0.6925048828125,0.416015625
809150000,0.7646484375,0.265380859375
809200000,0.8011474609375,0.1046142578125
809250000,0.8065185546875,-0.0595703125
809300000,0.778564453125,-0.222412109375
809350000,0.7181396484375,-0.376708984375
809400000,0.626708984375,-0.51220703125
809450000,0.5084228515625,-0.6298828125
809500000,0.369140625,-0.71875
809550000,0.2158203125,-0.77978515625
809600000,0.0531005859375,-0.8065185546875
809650000,-0.1124267578125,-0.8006591796875
809700000,-0.27294921875,-0.7598876953125
809750000,-0.4208984375,-0.68798828125
809800000,-0.5521240234375,-0.587158203125
809850000,-0.6593017578125,-0.462646484375
809900000,-0.740478515625,-0.318359375
809950000,-0.7877197265625,-0.1597900390625
810000000,-0.8040771484375,0.00244140625
810050000,-0.785888671875,0.166748046875
810100000,-0.734130859375,0.3236083984375
810150000,-0.652587890625,0.4656982421875
810200000,-0.5416259765625,0.589111328125
810250000,-0.40966796875,0.68603515625
810300000,-0.2611083984375,0.75390625
810350000,-0.100341796875,0.7906494140625
810400000,0.0611572265625,0.7926025390625
810450000,0.2239990234375,0.7620849609375
810500000,0.373779296875,0.7000732421875
810550000,0.506591796875,0.608154296875
810600000,0.6190185546875,0.48876953125
810650000,0.7054443359375,0.352294921875
810700000,0.7613525390625,0.198974609375
810750000,0.785400390625,0.0382080078125
810800000,0.7728271484375,-0.1239013671875
810850000,0.7298583984375,-0.2784423828125
810900000,0.6549072265625,-0.422607421875
810950000,0.5537109375,-0.54541015625
811000000,0.4281005859375,-0.645751953125
811050000,0.2850341796875,-0.7166748046875
811100000,0.13037109375,-0.7603759765625
811150000,-0.0284423828125,-0.7672119140625
811200000,-0.18603515625,-0.74169921875
811250000,-0.3341064453125,-0.684814453125
811300000,-0.466796875,-0.5989990234375
811350000,-0.5792236328125,-0.48876953125
811400000,-0.6651611328125,-0.355224609375
811450000,-0.720947265625,-0.20947265625
811500000,-0.745849609375,-0.0555419921875
811550000,-0.73681640625,0.10107421875
